name,engine,kmpl,brand,selling_price,ex_showroom_price
"Royal Enfield Classic 350",300-400,24,Royal_Enfield,175000,147000
"Honda Dio",100-200,52,Honda,45000,55000
"Royal Enfield Classic Gunmetal Grey",300-400,29,Royal_Enfield,150000,148114
"Yamaha Fazer FI V 2.0 [2016-2018]",100-200,56,Yamaha,65000,89643
"Yamaha SZ [2013-2014]",100-200,59,Yamaha,20000,30000
"Honda CB Twister",100-200,63,Honda,18000,53857
"Honda CB Hornet 160R",100-200,53,Honda,78500,87719
"Royal Enfield Bullet 350 [2007-2011]",200-300,43,Royal_Enfield,180000,190000
"Hero Honda CBZ extreme",100-200,53,Hero,30000,78700
"Bajaj Discover 125",100-200,59,Bajaj,50000,60122
"Yamaha FZ16",100-200,51,Yamaha,35000,78712
"Honda Navi",100-200,57,Honda,28000,47255
"Bajaj Avenger Street 220",200-300,41,Bajaj,80000,95955
"Yamaha YZF R3",100-200,64,Yamaha,365000,351680
"Jawa 42",0-100,66,Jawa,185000,195000
"Suzuki Access 125 [2007-2016]",200-300,47,Suzuki,25000,58314
"Hero Honda Glamour",100-200,47,Hero,25000,35000
"Yamaha YZF R15 S",100-200,59,Yamaha,40000,117926
"Royal Enfield Classic Gunmetal Grey",300-400,30,Royal_Enfield,150000,148114
"Yamaha FZ25",100-200,49,Yamaha,120000,132680
"Hero Passion Pro 110",100-200,45,Hero,15000,25000
"Honda Navi [2016-2017]",100-200,53,Honda,26000,44389
"Honda Activa i",100-200,46,Honda,32000,53900
"Jawa Standard",0-100,71,Jawa,180000,190000
"Royal Enfield Thunderbird 350",300-400,24,Royal_Enfield,110000,120000
"Honda Dream Yuga",100-200,48,Honda,25000,56147
"TVS Apache RTR 160 4V",100-200,55,TVS,80000,90000
"Honda Navi [2016-2017]",100-200,46,Honda,42000,44389
"Yamaha Fazer [2009-2016]",200-300,36,Yamaha,40000,84751
"Hero Honda Splendor NXG",100-200,60,Hero,21000,31000
"Hero Glamour 125",100-200,59,Hero,55000,61600
"Yamaha FZ S [2012-2016]",100-200,50,Yamaha,38000,79432
"Hero Xtreme Sports",100-200,49,Hero,43000,78350
"Honda X-Blade",100-200,52,Honda,65000,75000
"Honda CB Shine SP",100-200,48,Honda,62000,71049
"Honda Activa 5G",100-200,58,Honda,60000,57557
"Hero Glamour 125",100-200,63,Hero,45000,61600
"Honda CBR-250R",100-200,58,Honda,120000,202310
"Hero Honda Passion PRO [2012]",100-200,53,Hero,30000,40000
"Royal Enfield Thunderbird 350",300-400,28,Royal_Enfield,90000,100000
"Bajaj Dominar 400",300-400,27,Bajaj,125000,160000
"Hero Glamour FI",100-200,50,Hero,50000,71150
"KTM 390 Duke",300-400,30,KTM,175000,185000
"Hero Passion XPro",100-200,64,Hero,28000,56750
"Yamaha FZ S V 2.0",100-200,48,Yamaha,85000,84042
"Hero Achiever 150",100-200,63,Hero,29900,69750
"Bajaj Discover 125",100-200,46,Bajaj,25000,60122
"Yamaha FZ16",100-200,55,Yamaha,30000,78712
"Yamaha Saluto",100-200,54,Yamaha,60000,59844
"Yamaha FZ16",100-200,62,Yamaha,35000,78712
"Bajaj Discover 100",100-200,63,Bajaj,25000,42859
"Honda CB Trigger",100-200,64,Honda,30000,73413
"Royal Enfield Electra 5 S",300-400,28,Royal_Enfield,90000,100000
"Hero Splendor PRO",100-200,45,Hero,35000,49900
"Honda Activa 5G",100-200,48,Honda,70000,59422
"Hero Honda Passion Plus",100-200,60,Hero,25000,35000
"Bajaj Pulsar 150",100-200,53,Bajaj,25000,74000
"Royal Enfield Bullet 350",300-400,29,Royal_Enfield,90000,117000
"Bajaj Discover 125",100-200,59,Bajaj,25000,57549
"Bajaj Pulsar 150 [2001-2011]",200-300,36,Bajaj,42000,52000
"Hero Splendor PRO",100-200,54,Hero,35000,51994
"Hero Xtreme Sports",100-200,48,Hero,50000,80350
"Honda Activa 3G",100-200,54,Honda,30000,54605
"Yamaha FZ16",100-200,62,Yamaha,48000,78712
"Honda CB Hornet 160R",100-200,64,Honda,65000,88161
"Royal Enfield Thunderbird 350",300-400,41,Royal_Enfield,85000,95000
"Hero Hunk",100-200,51,Hero,45000,78513
"Suzuki Let''s",0-100,76,Suzuki,34000,50098
"Royal Enfield Electra 4 S",300-400,34,Royal_Enfield,90000,100000
"TVS Scooty Pep Plus",0-100,68,TVS,35000,45000
"Mahindra Mojo XT300",300-400,25,Mahindra,165000,195500
"TVS Apache RTR 160",100-200,55,TVS,35000,81000
"Bajaj Pulsar AS200",200-300,45,Bajaj,65000,92074
"Bajaj Pulsar 150",100-200,57,Bajaj,29500,74000
"Royal Enfield Thunderbird 350X",300-400,26,Royal_Enfield,165000,164004
"Suzuki Intruder 150",100-200,58,Suzuki,95000,105000
"Hero Honda Karizma ZMR [2010]",100-200,55,Hero,50000,60000
"Honda Dio",100-200,55,Honda,7500,17500
"Bajaj Xcd",0-100,67,Bajaj,25000,35000
"Hero Splendor Plus",100-200,45,Hero,35000,45000
"Royal Enfield Thunderbird 350X",300-400,35,Royal_Enfield,160000,164004
"Honda CB Unicorn 150",100-200,56,Honda,50000,74295
"Honda Activa 5G",100-200,62,Honda,62000,57557
"Honda CB Twister",100-200,58,Honda,30000,53857
"Hero Splendor PRO",100-200,57,Hero,28000,49642
"Hero Honda CD Deluxe",100-200,48,Hero,25000,35000
"Honda Activa i [2016-2017]",100-200,45,Honda,30000,51112
"Royal Enfield Classic Gunmetal Grey",300-400,35,Royal_Enfield,140000,148114
"TVS Scooty Zest 110",0-100,65,TVS,30000,53751
"Hero CD Deluxe",100-200,57,Hero,25000,35000
"Suzuki Access 125 [2007-2016]",200-300,42,Suzuki,22000,58314
"Honda Activa [2000-2015]",200-300,49,Honda,22989,50267
"Honda Activa 125 [2016-2017]",100-200,64,Honda,42000,61653
"Suzuki GS150R",100-200,63,Suzuki,30000,70851
"Bajaj Pulsar 220S",200-300,44,Bajaj,55000,65000
"Honda Activa 4G",100-200,60,Honda,45000,53079
"Yamaha FZ25",100-200,46,Yamaha,150000,133680
"Bajaj Pulsar 150",100-200,64,Bajaj,42000,74000
"Hero Splendor Plus",100-200,59,Hero,30000,40000
"Bajaj Discover 100",100-200,57,Bajaj,24999,42859
"Royal Enfield Thunderbird 350X",300-400,27,Royal_Enfield,160000,164004
"Royal Enfield Classic 350",300-400,31,Royal_Enfield,175000,147000
"Bajaj Pulsar 150",100-200,47,Bajaj,40000,74000
"Bajaj Pulsar NS160",100-200,56,Bajaj,85000,95000
"Royal Enfield Classic Desert Storm",300-400,31,Royal_Enfield,150000,181445
"Suzuki Gixxer SF",0-100,78,Suzuki,80000,90000
"TVS Apache RTR 200 4V",200-300,45,TVS,95000,105000
"Bajaj V15",0-100,80,Bajaj,42000,65626
"TVS XL 100 Heavy Duty",100-200,55,TVS,40000,50000
"Yamaha FZ S V 2.0",100-200,62,Yamaha,50000,84042
"Hero HF Deluxe",100-200,61,Hero,40000,50000
"Aprilia SR 125",100-200,57,Aprilia,75000,85000
"Yamaha FZ25",100-200,55,Yamaha,120000,132680
"Hero Honda Glamour",100-200,58,Hero,30000,40000
"Bajaj Discover 125 ST",100-200,64,Bajaj,17500,58438
"Hero Honda Passion Plus",100-200,59,Hero,7500,17500
"Honda Aviator",100-200,58,Honda,57000,61118
"Vespa SXL 149",0-100,67,Vespa,80000,90000
"TVS Scooty Pep Plus",0-100,81,TVS,18000,28000
"Hero Xtreme [2013-2014]",100-200,51,Hero,25000,75936
"Royal Enfield Thunderbird 350",300-400,23,Royal_Enfield,83900,93900
"UM Renegade Commando",0-100,72,UM,160000,180525
"Royal Enfield Classic Gunmetal Grey",300-400,22,Royal_Enfield,135000,148114
"Honda CB Hornet 160R",100-200,54,Honda,55000,87543
"Honda Shine",100-200,53,Honda,50000,60000
"Bajaj Discover 100",100-200,61,Bajaj,20000,42859
"Hero Honda CBZ extreme",100-200,59,Hero,25000,78700
"Royal Enfield Classic 350",300-400,40,Royal_Enfield,125000,147000
"Honda Activa 5G",100-200,47,Honda,55000,57557
"Bajaj Avenger Street 150 [2018]",100-200,56,Bajaj,50000,80435
"Royal Enfield Continental GT 650",500-1000,19,Royal_Enfield,299000,309000
"Honda Activa 3G",100-200,55,Honda,60000,54605
"Honda Activa 3G",100-200,61,Honda,40000,54605
"Bajaj Pulsar 180",100-200,55,Bajaj,15000,85011
"Harley-Davidson Street Bob",0-100,69,Harley-Davidson,750000,1278000
"Hero Honda CBZ extreme",100-200,47,Hero,20000,78700
"Royal Enfield Classic Gunmetal Grey",300-400,29,Royal_Enfield,190000,155740
"KTM 390 Duke ABS [2013-2016]",300-400,27,KTM,130000,202127
"Honda CB Hornet 160R",100-200,45,Honda,54786,88161
"KTM 200 Duke",200-300,44,KTM,72000,82000
"Hero Karizma 2014",100-200,62,Hero,35000,86744
"Hero Glamour 125",100-200,51,Hero,45000,61600
"Royal Enfield Classic 350",300-400,28,Royal_Enfield,85000,147000
"Royal Enfield Classic 500",500-1000,22,Royal_Enfield,100000,156304
"Bajaj Dominar 400",300-400,37,Bajaj,138000,160000
"Royal Enfield Thunderbird 350X",300-400,40,Royal_Enfield,150000,164004
"KTM RC 390",300-400,27,KTM,180000,190000
"Royal Enfield Thunderbird 350",300-400,34,Royal_Enfield,100000,110000
"Hero Hunk",100-200,62,Hero,20000,78513
"KTM 390 Duke",300-400,28,KTM,170000,180000
"Suzuki Gixxer [2014-2018]",0-100,81,Suzuki,60000,84246
"Royal Enfield Bullet 350",300-400,37,Royal_Enfield,123000,117000
"Suzuki Access 125",100-200,51,Suzuki,60000,76632
"TVS Apache RTR 200 4V",200-300,30,TVS,100000,110000
"Hero Xtreme Sports",100-200,48,Hero,22000,78350
"Honda Activa [2000-2015]",200-300,44,Honda,30000,50267
"Bajaj Discover 125",100-200,61,Bajaj,28000,60122
"Bajaj Pulsar 150",100-200,58,Bajaj,50000,74000
"Yamaha Saluto RX",100-200,61,Yamaha,40000,49521
"Hero HF Deluxe",100-200,46,Hero,43000,53000
"Suzuki Access 125",100-200,64,Suzuki,40000,76632
"Royal Enfield Classic Desert Storm",300-400,40,Royal_Enfield,100000,181445
"Hero HF Deluxe",100-200,59,Hero,30000,40000
"KTM RC 200",200-300,29,KTM,130000,140000
"Honda CB Hornet 160R",100-200,57,Honda,48000,88161
"Bajaj CT 100",100-200,62,Bajaj,32000,42000
"Hero Honda Pleasure",100-200,55,Hero,23000,33000
"Bajaj Pulsar 135 LS",100-200,63,Bajaj,20000,64589
"Royal Enfield Classic 350",300-400,26,Royal_Enfield,125000,147000
"Honda Navi [2016-2017]",100-200,48,Honda,23000,44389
"Bajaj Discover 125",100-200,47,Bajaj,15000,57549
"Yamaha SZ RR V 2.0",100-200,46,Yamaha,35000,69983
"Bajaj Discover 150",100-200,45,Bajaj,25000,54299
"Bajaj Pulsar 150",100-200,61,Bajaj,80000,74000
"TVS Flame",0-100,65,TVS,15000,25000
"Vespa VX 125",100-200,45,Vespa,45000,72303
"Yamaha SZ X",100-200,58,Yamaha,25000,65800
"Honda CBF Stunner",100-200,51,Honda,35000,58757
"Bajaj Discover 100 T",100-200,58,Bajaj,25000,47032
"Royal Enfield Classic 350",300-400,33,Royal_Enfield,170000,147000
"Honda Activa [2000-2015]",200-300,34,Honda,25000,50267
"Royal Enfield Electra 5 S",300-400,22,Royal_Enfield,60000,70000
"Bajaj Pulsar 150",100-200,50,Bajaj,41000,74000
"Honda Shine",100-200,52,Honda,35000,45000
"Honda CB Unicorn 160",100-200,47,Honda,75000,79233
"Honda Activa 3G",100-200,54,Honda,47999,54605
"Honda Shine",100-200,46,Honda,36999,46999
"Bajaj Pulsar 180",100-200,62,Bajaj,25000,85011
"Suzuki Gixxer SF",0-100,70,Suzuki,60000,70000
"Honda CB Unicorn 150",100-200,50,Honda,50000,74295
"Yamaha YZF R15 [2011-2018]",100-200,56,Yamaha,65000,118997
"TVS Sport",0-100,74,TVS,12000,22000
"Bajaj Pulsar AS200",200-300,34,Bajaj,60000,92074
"Honda Activa [2000-2015]",200-300,40,Honda,20000,50267
"Yamaha FZ16",100-200,48,Yamaha,27000,78712
"Bajaj Boxer",0-100,79,Bajaj,10000,20000
"Hero Honda Hunk",100-200,48,Hero,56000,66000
"Hero Honda Hunk",100-200,51,Hero,58000,68000
"Bajaj Avenger Cruise 220",200-300,47,Bajaj,87000,97000
"Yamaha Ray Z",100-200,46,Yamaha,35000,52949
"Bajaj Pulsar 180",100-200,51,Bajaj,35000,85011
"Bajaj Discover 150F",100-200,56,Bajaj,40000,64071
"Bajaj Pulsar 135 LS",100-200,59,Bajaj,56000,64589
"Bajaj Pulsar 180",100-200,46,Bajaj,30000,85011
"Honda Activa 125 [2016-2017]",100-200,46,Honda,40000,61545
"Hero HF Deluxe",100-200,48,Hero,60000,70000
"Hero Karizma 2014",100-200,60,Hero,40000,86744
"Bajaj Platina 100",100-200,48,Bajaj,40000,50000
"Royal Enfield Bullet 500",500-1000,15,Royal_Enfield,130000,168482
"Bajaj Pulsar AS200",200-300,36,Bajaj,45000,92074
"Yamaha FZ S [2012-2016]",100-200,58,Yamaha,42000,79432
"Bajaj Pulsar 220 Fi",200-300,40,Bajaj,25000,35000
"Bajaj Pulsar 150",100-200,61,Bajaj,15000,74000
"Bajaj Dominar 400 [2018]",300-400,34,Bajaj,170000,163331
"Hero Passion X Pro [2016-2017]",100-200,48,Hero,38000,59095
"Yamaha FZ S V 2.0",100-200,51,Yamaha,60000,84042
"TVS Apache RTR 160",100-200,47,TVS,65000,81000
"Bajaj Avenger [2015]",100-200,56,Bajaj,35000,75502
"Bajaj Pulsar 150",100-200,56,Bajaj,70000,74000
"Hero Honda Glamour",100-200,49,Hero,15000,25000
"Hero Splendor iSmart",100-200,51,Hero,50000,52271
"Royal Enfield Classic 350",300-400,40,Royal_Enfield,145000,147000
"Yamaha FZ16",100-200,63,Yamaha,25000,78712
"Hero Xtreme Sports",100-200,60,Hero,58000,80350
"Royal Enfield Bullet 350 [2007-2011]",200-300,41,Royal_Enfield,90000,100000
"Hero Honda Passion",100-200,64,Hero,9000,19000
"Bajaj Discover 150S",100-200,56,Bajaj,40000,63331
"TVS Scooty Zest 110",0-100,72,TVS,28000,52372
"Bajaj Avenger Street 150 [2018]",100-200,64,Bajaj,50000,80435
"Yamaha Cygnus Ray ZR",100-200,45,Yamaha,56000,58630
"Honda Activa [2000-2015]",200-300,34,Honda,35000,50267
"TVS Apache RTR 200 4V",200-300,46,TVS,95000,105000
"Honda Shine",100-200,51,Honda,30000,40000
"Honda CB Hornet 160R",100-200,55,Honda,95000,94703
"Honda Activa i [2016-2017]",100-200,57,Honda,40000,53436
"Hero Karizma 2014",100-200,54,Hero,30000,86744
"Bajaj Discover 100 T",100-200,57,Bajaj,18000,47032
"Honda Aviator",100-200,59,Honda,14000,59183
"Hero Splendor Plus",100-200,56,Hero,17000,27000
"Royal Enfield Thunderbird 350",300-400,38,Royal_Enfield,125000,135000
"Bajaj CT 110",100-200,62,Bajaj,20000,30000
"Hero Passion PRO i3s",100-200,56,Hero,50000,56925
"KTM RC 390",300-400,29,KTM,210000,220000
"Bajaj Pulsar 220F",200-300,49,Bajaj,70000,80000
"Hero Maestro Edge",100-200,51,Hero,40000,55980
"Bajaj Xcd",0-100,75,Bajaj,10000,20000
"Bajaj Pulsar 150",100-200,64,Bajaj,35000,74000
"TVS Centra",0-100,78,TVS,10000,20000
"Honda Activa 3G",100-200,59,Honda,42000,54605
"Yamaha FZ16",100-200,60,Yamaha,20000,78712
"Hero Maestro Edge",100-200,57,Hero,25000,52790
"Bajaj Discover 125",100-200,59,Bajaj,25000,60122
"Royal Enfield Thunderbird 350X",300-400,31,Royal_Enfield,145000,164004
"Hero Super Splendor",100-200,63,Hero,50000,57000
"TVS Scooty Pep Plus",0-100,69,TVS,30000,40000
"Yamaha FZ V 2.0",100-200,51,Yamaha,60000,81508
"Hero Honda Splendor Plus",100-200,63,Hero,15000,25000
"Hero CD Deluxe",100-200,58,Hero,15000,25000
"Hero Honda Passion PRO [2012]",100-200,57,Hero,25000,35000
"Hero HF Deluxe i3s",100-200,45,Hero,54000,64000
"Bajaj Xcd",0-100,78,Bajaj,25000,35000
"Royal Enfield Interceptor 650",500-1000,13,Royal_Enfield,260000,270000
"Honda CBR-250R",100-200,50,Honda,100000,199275
"Bajaj Kristal",0-100,70,Bajaj,15000,25000
"Hero Honda Splendor Plus",100-200,49,Hero,20000,30000
"Honda Dream Yuga",100-200,53,Honda,35000,56147
"Yamaha FZ S V 2.0",100-200,54,Yamaha,50000,87042
"Hero Xpulse 200",200-300,33,Hero,90000,107500
"Bajaj V15",0-100,66,Bajaj,40000,67187
"Bajaj Avenger Street 220",200-300,39,Bajaj,80000,95955
"Bajaj Discover 135",100-200,46,Bajaj,20000,30000
"Honda CB Unicorn 150",100-200,45,Honda,70000,74295
"Vespa SXL 149",0-100,72,Vespa,98000,108000
"Royal Enfield Machismo",300-400,26,Royal_Enfield,75000,85000
"Honda CB Shine SP",100-200,61,Honda,50000,67214
"Honda CB Unicorn 150",100-200,48,Honda,40000,74295
"Honda CB Unicorn 150",100-200,49,Honda,75000,74295
"Honda CB Unicorn 150",100-200,58,Honda,50000,74295
"Bajaj Pulsar 150",100-200,57,Bajaj,60000,74000
"TVS Apache RTR 160",100-200,47,TVS,50000,81000
"Honda Dio",100-200,58,Honda,35000,45000
"Royal Enfield Thunderbird 350",300-400,39,Royal_Enfield,160000,170000
"Hero Maestro",100-200,48,Hero,25000,49412
"Hero Honda CBZ extreme",100-200,59,Hero,42000,78700
"Bajaj Dominar 400",300-400,32,Bajaj,200000,160000
"Honda Activa 125",100-200,48,Honda,40000,57000
"Royal Enfield Classic Desert Storm",300-400,24,Royal_Enfield,130000,181445
"KTM 250 Duke",200-300,46,KTM,195000,205000
"KTM RC 390",300-400,24,KTM,270000,280000
"Kawasaki Ninja 650 [2018-2019]",500-1000,19,Kawasaki,425000,599000
"TVS Apache RTR 200 4V",200-300,35,TVS,85000,95000
"Kawasaki Ninja 250R",200-300,37,Kawasaki,125000,317934
"TVS Wego",0-100,65,TVS,45000,54760
"Honda CBR-250R",100-200,59,Honda,85000,171646
"Bajaj Pulsar NS200",200-300,27,Bajaj,85000,95000
"Suzuki GSX S750",500-1000,22,Suzuki,760000,752020
"Royal Enfield Thunderbird 350",300-400,29,Royal_Enfield,100000,110000
"Royal Enfield Classic 350",300-400,32,Royal_Enfield,95000,147000
"Honda CB Shine SP",100-200,46,Honda,48000,67469
"Bajaj Avenger Street 150 [2018]",100-200,50,Bajaj,40000,80435
"Honda CBF Stunner",100-200,47,Honda,37000,58757
"Bajaj Avenger [2015]",100-200,60,Bajaj,38000,75502
"Suzuki Gixxer [2014-2018]",0-100,80,Suzuki,55000,78316
"Suzuki Access 125",100-200,53,Suzuki,45000,76632
"TVS Scooty Streak",0-100,72,TVS,18000,44140
"Royal Enfield Thunderbird 350X",300-400,29,Royal_Enfield,140000,164004
"Yamaha Rx",100-200,60,Yamaha,70000,80000
"Hero Honda Splendor Plus",100-200,58,Hero,15000,25000
"Bajaj Pulsar 125",100-200,63,Bajaj,65000,75000
"Honda Activa 5G",100-200,58,Honda,42000,57557
"Yamaha Fazer Dlx",100-200,58,Yamaha,58000,68000
"Harley-Davidson Street 750",500-1000,17,Harley-Davidson,330000,534000
"Hero Xtreme 2014",100-200,52,Hero,35000,72973
"Royal Enfield Classic 350",300-400,27,Royal_Enfield,162000,147000
"Hero Honda Hunk",100-200,58,Hero,28000,38000
"Royal Enfield Interceptor 650",500-1000,11,Royal_Enfield,285000,295000
"Royal Enfield Classic 350",300-400,30,Royal_Enfield,125000,147000
"Bajaj Pulsar 150 [2001-2011]",200-300,49,Bajaj,15000,25000
"Honda Activa [2000-2015]",200-300,37,Honda,29500,50267
"TVS Apache RR310",0-100,71,TVS,200000,210000
"Jawa Standard",0-100,77,Jawa,160000,170000
"Hero Honda Splendor PRO",100-200,53,Hero,30000,40000
"Yamaha FZ25",100-200,46,Yamaha,110000,133680
"Bajaj Pulsar 220F",200-300,36,Bajaj,70000,80000
"Yamaha Fascino 110",100-200,45,Yamaha,69000,57112
"Yamaha FZ16",100-200,45,Yamaha,30000,78712
"Yamaha FZ16",100-200,63,Yamaha,30000,78712
"TVS Star City Plus",0-100,73,TVS,42000,52000
"Royal Enfield Classic 350",300-400,29,Royal_Enfield,160000,147000
"Bajaj Pulsar 135 LS",100-200,58,Bajaj,20000,64589
"Suzuki Access 125",100-200,54,Suzuki,45000,76632
"Bajaj Pulsar 135 LS",100-200,50,Bajaj,23000,64589
"UM Renegade Commando",0-100,67,UM,140000,180525
"Hero Honda Splendor Plus",100-200,47,Hero,12000,22000
"Hero Passion PRO i3s",100-200,60,Hero,50000,56925
"Royal Enfield Classic 350",300-400,31,Royal_Enfield,140000,147000
"Honda Activa 5G",100-200,54,Honda,55000,59422
"Yamaha Fascino 110",100-200,45,Yamaha,45000,54500
"Hero Splendor Plus",100-200,59,Hero,25000,35000
"Royal Enfield Thunderbird 350",300-400,29,Royal_Enfield,90000,100000
"Yamaha YZF R15 V3",100-200,57,Yamaha,120000,146400
"KTM RC 200",200-300,42,KTM,120000,130000
"TVS Radeon",0-100,69,TVS,35000,66492
"Hero HF Deluxe",100-200,64,Hero,35000,45000
"BMW G310GS",0-100,65,BMW,300000,349000
"Royal Enfield Thunderbird 350",300-400,29,Royal_Enfield,87000,97000
"Hero Honda Splendor Plus",100-200,45,Hero,18000,28000
"Yamaha FZ S V 2.0",100-200,48,Yamaha,50000,84042
"Bajaj Avenger Street 220",200-300,51,Bajaj,60000,95955
"Hero Honda Splendor Plus",100-200,60,Hero,15000,25000
"Bajaj Platina 100",100-200,52,Bajaj,30000,40000
"Royal Enfield Thunderbird 350X",300-400,40,Royal_Enfield,160000,164004
"Honda CB Unicorn 150",100-200,56,Honda,50000,74295
"Suzuki Gixxer [2014-2018]",0-100,68,Suzuki,62000,78316
"Bajaj Platina 100",100-200,57,Bajaj,45000,55000
"Royal Enfield Thunderbird 350",300-400,27,Royal_Enfield,120000,130000
"Royal Enfield Thunderbird 500",500-1000,18,Royal_Enfield,125000,190874
"Bajaj Pulsar AS150",100-200,55,Bajaj,50000,80821
"Bajaj Pulsar 150",100-200,60,Bajaj,30000,74000
"Hero Pleasure",100-200,48,Hero,40000,51600
"Honda Aviator",100-200,58,Honda,41000,63537
"Royal Enfield Thunderbird 350",300-400,38,Royal_Enfield,120000,130000
"Hero Ignitor",100-200,60,Hero,35000,67722
"Hero Honda CD100SS",100-200,64,Hero,10000,20000
"TVS Apache RTR 160",100-200,52,TVS,35000,81000
"Hero Achiever 150",100-200,47,Hero,38000,69750
"Vespa LX 125",100-200,51,Vespa,50000,77900
"Honda Activa 3G",100-200,51,Honda,40000,54605
"Hero Splendor Plus i3s",100-200,57,Hero,70000,55600
"Royal Enfield Classic 350",300-400,27,Royal_Enfield,140000,147000
"Hero Maestro",100-200,46,Hero,26500,53830
"Hero Glamour 125",100-200,55,Hero,38000,61600
"Yamaha FZ16",100-200,54,Yamaha,60000,78712
"Royal Enfield Himalayan",300-400,41,Royal_Enfield,145000,155000
"Yamaha FZ S V 2.0",100-200,61,Yamaha,78000,84480
"Hero Maestro Edge",100-200,59,Hero,58000,54580
"Yamaha FZ25",100-200,46,Yamaha,130000,132680
"TVS Victor",0-100,80,TVS,20000,54852
"Bajaj Dominar 400 [2018]",300-400,21,Bajaj,150000,163331
"Bajaj Pulsar 180",100-200,48,Bajaj,32000,85011
"Bajaj Pulsar 180",100-200,59,Bajaj,50000,85011
"KTM 200 Duke",200-300,29,KTM,120000,130000
"Bajaj Avenger Street 150 [2018]",100-200,48,Bajaj,60000,80435
"Bajaj Discover 100 M",100-200,56,Bajaj,20000,44756
"Royal Enfield Bullet 350 [2007-2011]",200-300,42,Royal_Enfield,65000,75000
"Yamaha YZF R15 S",100-200,54,Yamaha,70000,117926
"Yamaha FZ V 2.0",100-200,54,Yamaha,35000,81508
"Bajaj Avenger Street 220",200-300,43,Bajaj,95000,95955
"Bajaj Pulsar 150",100-200,47,Bajaj,8000,74000
"Royal Enfield Thunderbird 350",300-400,23,Royal_Enfield,85000,95000
"Hero Achiever 150",100-200,46,Hero,65000,69750
"Hero Passion Pro 110",100-200,46,Hero,39000,49000
"Hero Duet",100-200,45,Hero,45000,50280
"Bajaj Avenger Street 150 [2018]",100-200,45,Bajaj,60000,80435
"Royal Enfield Classic Stealth Black",300-400,33,Royal_Enfield,160000,204977
"Bajaj Pulsar 150",100-200,63,Bajaj,35000,74000
"Bajaj Pulsar 135 LS",100-200,55,Bajaj,40000,64589
"Yamaha Fazer [2009-2016]",200-300,38,Yamaha,40000,84751
"Honda CB Hornet 160R",100-200,64,Honda,56000,87543
"Honda CB Unicorn Dazzler",100-200,49,Honda,22000,71757
"Yamaha YBR 125",100-200,49,Yamaha,36000,54593
"Suzuki Intruder 150 Fi",100-200,55,Suzuki,100000,110240
"Bajaj V15",0-100,80,Bajaj,42000,67187
"Royal Enfield Electra 5 S",300-400,32,Royal_Enfield,85000,95000
"Hero Passion PRO TR",100-200,62,Hero,45000,54586
"Yamaha FZ25",100-200,60,Yamaha,145000,133680
"Hero Karizma [2003-2014]",200-300,37,Hero,50000,85766
"Royal Enfield Interceptor 650",500-1000,20,Royal_Enfield,270000,280000
"Royal Enfield Thunderbird 350",300-400,21,Royal_Enfield,60000,70000
"Royal Enfield Classic Squadron Blue",300-400,28,Royal_Enfield,140000,181445
"Hero Honda Splendor Plus",100-200,48,Hero,28000,38000
"KTM 390 Duke ABS [2013-2016]",300-400,36,KTM,180000,202127
"Bajaj Pulsar 180",100-200,57,Bajaj,42000,85011
"Suzuki Access 125 [2007-2016]",200-300,43,Suzuki,16000,58314
"Hero Splendor iSmart",100-200,56,Hero,40000,52271
"Bajaj Pulsar 180",100-200,47,Bajaj,38000,85011
"Yamaha YZF R15 S",100-200,59,Yamaha,85000,117926
"Honda Aviator",100-200,52,Honda,28000,63537
"KTM 200 Duke",200-300,30,KTM,135000,145000
"Royal Enfield Thunderbird 350",300-400,36,Royal_Enfield,120000,130000
"Hero Karizma ZMR",100-200,59,Hero,37000,108000
"Royal Enfield Classic Chrome",300-400,27,Royal_Enfield,135000,189313
"Hero Honda Splendor",100-200,55,Hero,10000,20000
"Mahindra Rodeo",0-100,79,Mahindra,20000,47343
"TVS Apache RTR 160",100-200,52,TVS,83299,81000
"Yamaha Fazer FI V 2.0 [2016-2018]",100-200,52,Yamaha,65000,89643
"Honda Activa 5G",100-200,60,Honda,50000,59422
"Bajaj Pulsar 220 Fi",200-300,41,Bajaj,65000,75000
"Hero Honda Karizma ZMR [2010]",100-200,57,Hero,45000,55000
"Honda CB Hornet 160R",100-200,64,Honda,60000,92210
"Royal Enfield Bullet 350",300-400,31,Royal_Enfield,110000,117000
"Hero Honda CD Deluxe",100-200,61,Hero,14700,24700
"Yamaha Saluto",100-200,51,Yamaha,38000,63180
"Suzuki Access 125",100-200,45,Suzuki,70000,76632
"TVS Sport",0-100,76,TVS,35000,45000
"Hero Honda Glamour",100-200,47,Hero,19000,29000
"KTM 125 Duke",100-200,57,KTM,130000,140000
"Bajaj Pulsar NS200",200-300,40,Bajaj,50000,60000
"Bajaj Pulsar 150 [2001-2011]",200-300,50,Bajaj,18000,28000
"Hero Xtreme 200R",200-300,28,Hero,87000,93400
"Hero Honda Splendor Plus",100-200,60,Hero,40000,50000
"Bajaj Discover 150S",100-200,46,Bajaj,35000,63331
"Honda CBR-250R",100-200,64,Honda,100000,171646
"Hero Pleasure",100-200,58,Hero,30000,51600
"Bajaj Avenger Cruise 220",200-300,40,Bajaj,95000,105000
"Bajaj Discover 125 ST",100-200,52,Bajaj,25000,58438
"Bajaj Pulsar 150 [2001-2011]",200-300,38,Bajaj,26500,36500
"Bajaj Boxer",0-100,77,Bajaj,12000,22000
"Bajaj Pulsar 150",100-200,62,Bajaj,20000,74000
"Royal Enfield Classic Signals",300-400,30,Royal_Enfield,195000,164095
"Bajaj Pulsar 180",100-200,49,Bajaj,14900,85011
"Honda Dream Yuga",100-200,56,Honda,48000,56147
"Yamaha FZ S [2012-2016]",100-200,49,Yamaha,40000,79432
"Honda CB Unicorn",100-200,53,Honda,45000,71681
"Honda Shine",100-200,52,Honda,25000,35000
"Honda Activa 3G",100-200,58,Honda,25000,54605
"Honda Activa [2000-2015]",200-300,46,Honda,10000,50267
"Mahindra Flyte",0-100,75,Mahindra,22000,44493
"Honda Activa 3G",100-200,48,Honda,45000,54605
"KTM 250 Duke",200-300,37,KTM,135000,145000
"Yamaha Ray Z",100-200,63,Yamaha,75000,52949
"Bajaj Pulsar 135 LS",100-200,45,Bajaj,24000,64589
"Yamaha FZ16",100-200,50,Yamaha,45000,78712
"Hero Passion PRO i3s",100-200,54,Hero,55000,54475
"Bajaj Discover 125",100-200,53,Bajaj,10000,57549
"Royal Enfield Classic 350",300-400,36,Royal_Enfield,135000,147000
"Honda CB Unicorn 150",100-200,61,Honda,55000,74295
"Bajaj Avenger [2015]",100-200,60,Bajaj,35000,75502
"Bajaj Super",0-100,81,Bajaj,20000,30000
"Bajaj Pulsar 150",100-200,51,Bajaj,26000,74000
"Honda Activa [2000-2015]",200-300,47,Honda,23000,50267
"Royal Enfield Classic Desert Storm",300-400,30,Royal_Enfield,150000,181445
"Hero Honda CD Deluxe",100-200,51,Hero,24700,34700
"Hero Duet",100-200,56,Hero,35000,54080
"Hero Honda Passion PRO [2012]",100-200,63,Hero,12000,22000
"Royal Enfield Classic 350",300-400,22,Royal_Enfield,150000,147000
"Honda Activa 3G",100-200,45,Honda,50000,54605
"Honda Activa [2000-2015]",200-300,48,Honda,25000,50267
"Hero Honda CD100",100-200,50,Hero,15000,25000
"Hero Super Splendor",100-200,50,Hero,35000,57000
"Honda CB Trigger",100-200,55,Honda,45000,83437
"Honda Dream Yuga",100-200,63,Honda,25000,56147
"Hero Honda Passion Plus",100-200,63,Hero,40000,50000
"TVS Spectra",0-100,65,TVS,17000,27000
"Hero Ignitor",100-200,60,Hero,30000,67722
"Hero Honda CD100",100-200,50,Hero,15000,25000
"Bajaj Pulsar 220F",200-300,49,Bajaj,60000,70000
"Hero Splendor Plus",100-200,64,Hero,30000,40000
"Yamaha YZF R15 [2011-2018]",100-200,64,Yamaha,60000,118997
"Honda Activa 3G",100-200,64,Honda,32000,54605
"Bajaj Discover 150",100-200,64,Bajaj,30000,54299
"Bajaj Pulsar 150 [2001-2011]",200-300,47,Bajaj,55000,65000
"Bajaj Avenger Street 150 [2018]",100-200,63,Bajaj,75000,80435
"TVS Star City Plus",0-100,66,TVS,52000,62000
"Bajaj Discover 125",100-200,61,Bajaj,38000,60122
"Bajaj Discover 135",100-200,50,Bajaj,12000,22000
"Honda CB Shine SP",100-200,61,Honda,47000,64750
"Honda Activa [2000-2015]",200-300,38,Honda,22000,50267
"Bajaj Avenger [2015]",100-200,53,Bajaj,65000,75502
"Bajaj Platina 100",100-200,55,Bajaj,23000,33000
"Bajaj Discover 100",100-200,51,Bajaj,30000,42859
"Bajaj Pulsar 150",100-200,47,Bajaj,35000,74000
"Bajaj Avenger Street 150 [2018]",100-200,58,Bajaj,80000,80435
"Bajaj Platina 100",100-200,46,Bajaj,20000,30000
"Bajaj Pulsar 150",100-200,49,Bajaj,16000,74000
"Bajaj Pulsar 150",100-200,64,Bajaj,20000,74000
"Bajaj Pulsar NS200",200-300,49,Bajaj,50000,60000
"Honda CB Trigger",100-200,50,Honda,40000,76572
"Bajaj Pulsar 135 LS",100-200,51,Bajaj,20000,64589
"Bajaj Pulsar 180",100-200,62,Bajaj,65000,85011
"Yamaha YZF R15 S",100-200,50,Yamaha,85000,117926
"Hero Splendor Plus",100-200,62,Hero,12000,22000
"Hero Xpulse 200T",200-300,27,Hero,105000,96500
"Yamaha FZ S V 2.0",100-200,56,Yamaha,40000,84042
"Bajaj Discover 150",100-200,48,Bajaj,30000,54299
"Honda Activa [2000-2015]",200-300,38,Honda,25000,50267
"Hero Splendor PRO",100-200,46,Hero,40000,51994
"Honda Dream Neo",100-200,45,Honda,45000,49211
"Bajaj CT 100",100-200,60,Bajaj,40000,50000
"Suzuki Access 125",100-200,61,Suzuki,70000,76632
"Honda Activa [2000-2015]",200-300,31,Honda,30000,50267
"Hero Honda Pleasure",100-200,61,Hero,25000,35000
"Bajaj Platina 100",100-200,57,Bajaj,20000,30000
"Honda CB Hornet 160R",100-200,58,Honda,70000,87719
"Bajaj V15",0-100,71,Bajaj,50000,65626
"Hero Honda CD Deluxe",100-200,56,Hero,25000,35000
"Bajaj Pulsar 150",100-200,62,Bajaj,22000,74000
"Honda Activa [2000-2015]",200-300,42,Honda,35000,50267
"TVS Apache RTR 160",100-200,54,TVS,40000,81000
"Bajaj Pulsar 220F",200-300,38,Bajaj,75000,85000
"Hero Honda Passion PRO [2012]",100-200,63,Hero,28000,38000
"Hero Maestro Edge",100-200,46,Hero,55000,52790
"Honda Dio",100-200,55,Honda,30000,40000
"Hero Glamour 125",100-200,55,Hero,40000,61600
"Bajaj Avenger Street 160",100-200,45,Bajaj,85000,95000
"Hero Honda CD Deluxe",100-200,57,Hero,12000,22000
"Yamaha YBR 125",100-200,46,Yamaha,35000,54593
"Bajaj Pulsar 150",100-200,55,Bajaj,25000,74000
"Bajaj Pulsar 150",100-200,51,Bajaj,40000,74000
"Hero Honda CD Deluxe",100-200,64,Hero,15000,25000
"Hero Passion PRO i3s",100-200,46,Hero,55000,54475
"Bajaj Pulsar 180",100-200,50,Bajaj,60000,85011
"Yamaha Fazer 25",100-200,49,Yamaha,115000,142680
"TVS Excel",0-100,77,TVS,5000,15000
"Honda Shine",100-200,50,Honda,40000,50000
"Honda Dream Neo",100-200,59,Honda,50000,49211
"Honda Dio",100-200,61,Honda,28000,38000
"Hero Splendor Plus",100-200,61,Hero,35000,45000
"Bajaj Xcd",0-100,71,Bajaj,25000,35000
"TVS Streak",0-100,76,TVS,20000,30000
"Bajaj Pulsar 180",100-200,60,Bajaj,40000,85011
"Hero Xtreme 200R",200-300,39,Hero,86000,93400
"Yamaha YZF R15 [2011-2018]",100-200,53,Yamaha,65000,118997
"Bajaj Avenger Street 150 [2018]",100-200,60,Bajaj,60000,80435
"Yamaha RX135",100-200,58,Yamaha,65000,75000
"Honda CB Shine SP",100-200,45,Honda,41000,66697
"Honda CBR150 R",100-200,46,Honda,110000,129662
"Honda Dream Yuga",100-200,49,Honda,32000,56147
"Honda Shine",100-200,63,Honda,37000,47000
"Hero Splendor Plus i3s",100-200,45,Hero,65000,55600
"Hero Honda Passion Plus",100-200,50,Hero,18000,28000
"Hero Honda Passion PRO [2012]",100-200,53,Hero,28700,38700
"Honda Activa 3G",100-200,49,Honda,35000,54605
"Bajaj Pulsar 180F",100-200,63,Bajaj,100000,110000
"Hero Honda Glamour",100-200,63,Hero,21000,31000
"Bajaj Pulsar 150 [2001-2011]",200-300,29,Bajaj,30000,40000
"TVS Apache RTR 200 4V",200-300,51,TVS,90000,100000
"Bajaj Super",0-100,70,Bajaj,6000,16000
"Hero Honda Passion Plus",100-200,62,Hero,23500,33500
"Bajaj Pulsar 150",100-200,57,Bajaj,55000,74000
"Yamaha SZ X",100-200,54,Yamaha,35000,65800
"Hero Honda CD100",100-200,54,Hero,15000,25000
"Bajaj Pulsar 180",100-200,45,Bajaj,35000,85011
"Bajaj Pulsar 220 DTS-i",200-300,43,Bajaj,40000,50000
"Hero Honda Achiever",100-200,58,Hero,15000,25000
"Hero Honda Karizma",100-200,52,Hero,40000,50000
"Honda CB Unicorn 160",100-200,60,Honda,75000,77545
"Bajaj Avenger Cruise 220",200-300,36,Bajaj,70000,80000
"Bajaj Discover 135",100-200,59,Bajaj,22000,32000
"Yamaha FZ S V 2.0",100-200,50,Yamaha,80000,87042
"Bajaj Pulsar 150",100-200,50,Bajaj,72000,74000
"Hero HF Deluxe",100-200,53,Hero,30000,40000
"Bajaj Pulsar 135 LS",100-200,52,Bajaj,25000,64589
"Aprilia SR 125",100-200,56,Aprilia,65000,75000
"Bajaj Pulsar 150",100-200,61,Bajaj,68000,74000
"Hero Duet",100-200,54,Hero,27000,50280
"Honda CB Twister",100-200,60,Honda,25000,57241
"Bajaj Discover 125",100-200,52,Bajaj,45000,60122
"Honda CBR-250R",100-200,59,Honda,200000,202310
"Bajaj Pulsar 180",100-200,53,Bajaj,20100,85011
"Honda Shine",100-200,63,Honda,30000,40000
"Suzuki Swish [2012-2015]",0-100,75,Suzuki,30000,51685
"TVS Star City",0-100,68,TVS,21000,47108
"Hero Super Splendor",100-200,50,Hero,45000,57000
"Yamaha Fazer [2009-2016]",200-300,48,Yamaha,45000,84751
"TVS Scooty Pep DLX",0-100,65,TVS,14500,24500
"Honda Dream Yuga",100-200,60,Honda,47000,56147
"TVS Star City Plus",0-100,76,TVS,26000,36000
"Yamaha Fazer [2009-2016]",200-300,32,Yamaha,25000,84751
"Hero Honda Street Smart",100-200,62,Hero,10000,20000
"TVS Apache RTR 160",100-200,48,TVS,50000,81000
"Honda Dio",100-200,48,Honda,23000,33000
"Honda Activa [2000-2015]",200-300,37,Honda,50000,50267
"Hero Maestro Edge",100-200,51,Hero,46000,55980
"Honda CB Hornet 160R",100-200,45,Honda,80000,87719
"Hero Karizma [2003-2014]",200-300,38,Hero,50000,85766
"Honda CB Trigger",100-200,50,Honda,40000,83437
"Honda CB Hornet 160R",100-200,52,Honda,70000,87719
"Hero Glamour FI",100-200,63,Hero,30900,71150
"Bajaj Avenger [2015]",100-200,55,Bajaj,65000,75502
"Hero Honda Splendor Plus",100-200,61,Hero,15000,25000
"TVS Apache RTR 160",100-200,55,TVS,89999,81000
"Hero Honda Splendor Plus",100-200,50,Hero,17600,27600
"Bajaj Platina 100",100-200,58,Bajaj,17000,27000
"Yamaha FZ25",100-200,57,Yamaha,90000,132680
"Bajaj Pulsar 150 [2001-2011]",200-300,30,Bajaj,35000,45000
"Yamaha YZF R15 S",100-200,64,Yamaha,70000,117926
"Bajaj Discover 125",100-200,46,Bajaj,15000,57549
"Hero Passion PRO i3s",100-200,53,Hero,35000,54475
"Honda Activa [2000-2015]",200-300,33,Honda,15000,50267
"Bajaj Discover 125",100-200,63,Bajaj,50000,60122
"Suzuki Gixxer [2014-2018]",0-100,66,Suzuki,69000,82813
"TVS Wego",0-100,74,TVS,15000,54760
"Bajaj Discover 150",100-200,51,Bajaj,25000,54299
"Suzuki Access 125 [2007-2016]",200-300,47,Suzuki,30000,58314
"Hero Karizma 2014",100-200,61,Hero,45000,86744
"Hero CD Deluxe",100-200,49,Hero,35000,45000
"Yamaha Fazer 25",100-200,57,Yamaha,120000,142680
"Hero Splendor Plus",100-200,55,Hero,25000,35000
"Yamaha YZF R15 [2011-2018]",100-200,58,Yamaha,80000,118997
"Hero Honda Splendor Plus",100-200,63,Hero,10000,20000
"TVS Apache RTR 160",100-200,54,TVS,70000,81000
"Bajaj Pulsar 150",100-200,56,Bajaj,35000,74000
"Hero Glamour 125",100-200,56,Hero,40000,61600
"Hero Honda Passion Plus",100-200,47,Hero,20000,30000
"Honda CB Twister",100-200,64,Honda,30000,57241
"Bajaj CT 100",100-200,53,Bajaj,8000,18000
"Bajaj Pulsar 220 DTS-i",200-300,34,Bajaj,65000,75000
"Hero Honda Super Splendor [2005]",200-300,27,Hero,20000,30000
"Honda CB Trigger",100-200,50,Honda,45000,76572
"Hero Hunk",100-200,46,Hero,35000,78513
"Bajaj Discover 150",100-200,55,Bajaj,25000,54299
"TVS Apache RTR 160",100-200,53,TVS,15000,81000
"Hero Xtreme Sports",100-200,55,Hero,65000,78350
"Bajaj Avenger [2015]",100-200,51,Bajaj,45000,75502
"Honda Activa 125",100-200,45,Honda,45000,57000
"Bajaj Pulsar 220F",200-300,34,Bajaj,50000,60000
"Bajaj Pulsar NS200",200-300,36,Bajaj,85000,95000
"Hero Honda Splendor",100-200,47,Hero,25000,35000
"Honda CB Unicorn 150",100-200,58,Honda,60000,74295
"Suzuki Gixxer SF Fi",0-100,74,Suzuki,100000,103170
"KTM RC 200",200-300,50,KTM,180000,190000
"Bajaj Discover 100",100-200,62,Bajaj,25000,42859
"TVS Wego",0-100,65,TVS,15000,54760
"Honda CB Hornet 160R",100-200,51,Honda,60000,92210
"Yamaha YZF R15 S",100-200,45,Yamaha,75000,117926
"Hero CBZ",100-200,46,Hero,35000,45000
"TVS Scooty Zest 110",0-100,74,TVS,55000,53751
"Yamaha FZ S V 2.0",100-200,52,Yamaha,85000,87042
"Hero Honda Glamour",100-200,55,Hero,35000,45000
"Hero Honda CBZ extreme",100-200,57,Hero,35000,78700
"Yamaha FZ S V 2.0",100-200,56,Yamaha,60000,84042
"Suzuki Access 125",100-200,63,Suzuki,40000,76632
"Bajaj Pulsar 150",100-200,63,Bajaj,30000,74000
"Bajaj Pulsar NS160",100-200,63,Bajaj,80000,90000
"Hero Splendor PRO",100-200,61,Hero,24000,51994
"Honda Shine",100-200,53,Honda,18000,28000
"Hero Passion Pro 110",100-200,55,Hero,20000,30000
"Yamaha FZ16",100-200,52,Yamaha,40000,78712
"Suzuki Access 125",100-200,50,Suzuki,20000,76632
"TVS Jupiter",0-100,78,TVS,70000,80000
"Hero Passion Pro 110",100-200,48,Hero,50000,60000
"Yamaha FZ S V 2.0",100-200,48,Yamaha,75000,84042
"Honda Livo",100-200,51,Honda,25000,35000
"Honda CB Hornet 160R",100-200,47,Honda,70000,87543
"Honda Activa 125 [2016-2017]",100-200,58,Honda,55000,61545
"Honda Activa 5G",100-200,46,Honda,51000,59422
"Yamaha Saluto",100-200,49,Yamaha,74000,59844
"Yamaha FZ S V 2.0",100-200,63,Yamaha,65000,84042
"Bajaj Avenger Street 150 [2018]",100-200,64,Bajaj,60000,80435
"Bajaj Pulsar 220F",200-300,44,Bajaj,110000,120000
"Yamaha YZF R15 [2011-2018]",100-200,48,Yamaha,50000,118997
"TVS Apache RTR 160 4V",100-200,62,TVS,85009,95009
"Hero Passion Pro 110",100-200,60,Hero,60000,70000
"Bajaj Pulsar 150",100-200,52,Bajaj,25000,74000
"TVS Apache RTR 160 4V",100-200,56,TVS,75000,85000
"Honda CB Unicorn 150",100-200,60,Honda,30000,74295
"Honda Activa [2000-2015]",200-300,42,Honda,16600,50267
"Honda Activa 3G",100-200,47,Honda,30000,54605
"Honda Shine",100-200,48,Honda,20000,30000
"Honda Activa 5G",100-200,58,Honda,62000,59422
"Bajaj Avenger Street 220",200-300,50,Bajaj,60000,95955
"Hero Xtreme [2013-2014]",100-200,59,Hero,45000,72492
"Yamaha FZ S [2012-2016]",100-200,59,Yamaha,40000,79432
"Suzuki Intruder 150",100-200,54,Suzuki,75000,85000
"Yamaha Fazer [2009-2016]",200-300,47,Yamaha,50000,84751
"Bajaj Pulsar RS 200",200-300,36,Bajaj,105000,115000
"Bajaj Discover 135",100-200,46,Bajaj,30000,40000
"Hero Honda CBZ",100-200,46,Hero,10000,20000
"Bajaj Pulsar 135 LS",100-200,46,Bajaj,45000,64589
"Yamaha Fazer 25",100-200,48,Yamaha,145000,142680
"Honda CB Unicorn 150",100-200,55,Honda,45000,74295
"Honda Activa 5G",100-200,50,Honda,65000,59422
"Bajaj Pulsar 135 LS",100-200,58,Bajaj,20000,64589
"Hero Duet",100-200,55,Hero,37000,50280
"Hero Splendor NXG",100-200,55,Hero,18000,44814
"Hero Glamour 125",100-200,49,Hero,25000,61600
"Honda Activa 5G",100-200,54,Honda,46000,57557
"Yamaha Fascino 110",100-200,59,Yamaha,55000,57112
"Bajaj V15",0-100,66,Bajaj,40000,67187
"Hero Honda Passion PRO [2012]",100-200,50,Hero,25000,35000
"Honda Activa [2000-2015]",200-300,35,Honda,25000,50267
"Bajaj Xcd",0-100,66,Bajaj,15000,25000
"Bajaj Pulsar NS160",100-200,45,Bajaj,70000,80000
"Honda CB Hornet 160R",100-200,54,Honda,70000,92210
"Yamaha RXG",100-200,50,Yamaha,25000,35000
"TVS Streak",0-100,69,TVS,10000,20000
"Bajaj Pulsar RS 200",200-300,42,Bajaj,80000,90000
"Yamaha Alpha",100-200,62,Yamaha,25000,54253
"Honda Livo",100-200,55,Honda,35000,45000
"Mahindra Gusto",0-100,66,Mahindra,25000,51185
"Bajaj Discover 125",100-200,63,Bajaj,26000,57549
"Hero Glamour 125",100-200,48,Hero,15000,61600
"Honda CB Unicorn 160",100-200,47,Honda,50000,77545
"Hero Pleasure",100-200,47,Hero,26500,49600
"Royal Enfield Classic 350",300-400,39,Royal_Enfield,135000,147000
"Honda CB Hornet 160R",100-200,49,Honda,80000,92661
"Bajaj CT 100",100-200,58,Bajaj,30000,40000
"Yamaha FZ S V 2.0",100-200,59,Yamaha,90000,87042
"Bajaj Pulsar 180",100-200,55,Bajaj,85000,85011
"Hero Glamour 125",100-200,54,Hero,54000,61600
"Bajaj CT 100",100-200,62,Bajaj,42000,52000
"Bajaj Discover 100 T",100-200,45,Bajaj,25000,47032
"TVS Star City Plus",0-100,73,TVS,50000,60000
"Honda CB Unicorn 150",100-200,52,Honda,55000,74295
"Hero Passion PRO TR",100-200,63,Hero,35000,54586
"Honda CB Shine SP",100-200,52,Honda,50000,64750
"Bajaj V15",0-100,69,Bajaj,45000,65626
"Bajaj V15",0-100,80,Bajaj,45000,67187
"Bajaj Discover 100",100-200,46,Bajaj,28000,42859
"Royal Enfield Electra 4 S",300-400,25,Royal_Enfield,80000,90000
"KTM 200 Duke",200-300,29,KTM,130000,140000
"Bajaj Pulsar 220F",200-300,42,Bajaj,120000,130000
"Suzuki GS150R",100-200,50,Suzuki,27000,70851
"Honda Shine",100-200,48,Honda,30000,40000
"Honda CB Unicorn Dazzler",100-200,47,Honda,50000,71757
"Honda Livo",100-200,46,Honda,45000,55000
"Honda Aviator",100-200,46,Honda,28000,59183
"Honda Activa [2000-2015]",200-300,47,Honda,6000,50267
"Hero Hunk",100-200,64,Hero,35000,78513
"Honda Activa 125",100-200,59,Honda,30000,57000
"Bajaj Discover 110",100-200,60,Bajaj,15000,52710
"Hero Xtreme [2013-2014]",100-200,56,Hero,45000,75936
"TVS Victor GLX",0-100,78,TVS,18000,28000
"Bajaj Pulsar NS200",200-300,32,Bajaj,85000,95000
"Honda Aviator",100-200,55,Honda,30000,59183
"Bajaj Platina 100",100-200,62,Bajaj,40000,50000
"TVS Sport",0-100,66,TVS,34000,44000
"Hero Honda Passion Plus",100-200,59,Hero,8000,18000
"Bajaj V15",0-100,65,Bajaj,70000,67187
"Honda Dio",100-200,48,Honda,50000,60000
"Honda Dream Yuga",100-200,59,Honda,35000,56147
"Hero Honda Splendor Plus",100-200,64,Hero,20000,30000
"Bajaj Pulsar 150",100-200,60,Bajaj,50000,74000
"Bajaj Discover 135",100-200,63,Bajaj,37000,47000
"Honda Livo",100-200,50,Honda,69000,79000
"Hero Honda Splendor NXG",100-200,56,Hero,28000,38000
"Bajaj Discover 125",100-200,47,Bajaj,25000,57549
"Yamaha FZ V 2.0",100-200,63,Yamaha,60000,81508
"Yamaha SZ-S",100-200,50,Yamaha,50000,72532
"Royal Enfield Thunderbird 350",300-400,31,Royal_Enfield,135000,145000
"Bajaj Discover 125 M",100-200,56,Bajaj,30000,49146
"Yamaha FZ S [2012-2016]",100-200,47,Yamaha,60000,79432
"Honda Activa [2000-2015]",200-300,41,Honda,23000,50267
"Bajaj Xcd",0-100,65,Bajaj,20000,30000
"Bajaj Avenger Street 160",100-200,61,Bajaj,80000,90000
"Royal Enfield Electra 5 S",300-400,39,Royal_Enfield,99000,109000
"TVS Apache RTR 200 4V",200-300,34,TVS,90000,100000
"Hero Honda Splendor Plus",100-200,59,Hero,20000,30000
"Hero Glamour 125",100-200,48,Hero,50000,61600
"TVS Victor GLX",0-100,80,TVS,27000,37000
"Honda Grazia",100-200,58,Honda,60000,70000
"Bajaj Pulsar 150 [2001-2011]",200-300,47,Bajaj,12000,22000
"Hero Xtreme 2014",100-200,62,Hero,50000,72973
"Hero Pleasure",100-200,51,Hero,20000,49600
"Hero Passion XPro",100-200,45,Hero,45000,58900
"Hero Super Splendor",100-200,47,Hero,40000,57000
"Yamaha FZ S [2012-2016]",100-200,57,Yamaha,45000,79432
"Honda Activa [2000-2015]",200-300,30,Honda,25000,50267
"Hero Glamour FI",100-200,59,Hero,75000,71150
"Hero Honda Passion Plus",100-200,61,Hero,25000,35000
"Hero Splendor Plus",100-200,61,Hero,25000,35000
"Hero Xpulse 200",200-300,34,Hero,100000,107500
"Honda CB Unicorn 150",100-200,60,Honda,30000,74295
"Bajaj Discover 135",100-200,49,Bajaj,25000,35000
"Hero Honda Splendor",100-200,64,Hero,10000,20000
"Hero Honda CD Deluxe",100-200,47,Hero,25000,35000
"Royal Enfield Electra Twinspark",300-400,40,Royal_Enfield,120000,130000
"Honda Dream Neo",100-200,57,Honda,42000,53415
"Hero Maestro",100-200,59,Hero,30000,49412
"Honda CBR150 R",100-200,61,Honda,77000,132513
"Honda CB Unicorn Dazzler",100-200,61,Honda,25000,71757
"TVS Apache [2006]",200-300,29,TVS,15000,25000
"Hero Passion XPro",100-200,60,Hero,25000,59640
"Honda Activa 5G",100-200,53,Honda,50000,57957
"Honda Activa i",100-200,58,Honda,30000,53900
"TVS Apache RTR 200 4V",200-300,40,TVS,125000,135000
"Hero Honda CBZ extreme",100-200,46,Hero,35000,78700
"Suzuki Gixxer [2014-2018]",0-100,72,Suzuki,45000,78316
"Hero Xpulse 200",200-300,35,Hero,98000,107500
"Bajaj Pulsar 150",100-200,53,Bajaj,75000,74000
"Bajaj Pulsar AS150",100-200,60,Bajaj,55000,80821
"Bajaj Platina 100",100-200,60,Bajaj,25000,35000
"Honda CB Twister",100-200,55,Honda,70000,49150
"Suzuki SlingShot",0-100,74,Suzuki,24000,34000
"TVS Apache RTR 160",100-200,48,TVS,70000,81000
"Bajaj V12",0-100,73,Bajaj,45000,58906
"Hero Karizma 2014",100-200,54,Hero,25000,86744
"Yamaha YZF R15 V3",100-200,58,Yamaha,170000,146400
"Yamaha Fascino 110",100-200,47,Yamaha,38000,54500
"Honda CB Unicorn 160",100-200,54,Honda,45000,77545
"Yamaha Gladiator",100-200,46,Yamaha,15000,25000
"Hero Honda Glamour",100-200,61,Hero,45000,55000
"Bajaj Discover 100",100-200,45,Bajaj,22000,42859
"Mahindra Gusto",0-100,78,Mahindra,30000,51185
"Royal Enfield Thunderbird 350",300-400,41,Royal_Enfield,100000,110000
"Royal Enfield Classic 350",300-400,41,Royal_Enfield,100000,147000
"Bajaj Pulsar 150",100-200,57,Bajaj,60000,74000
"Royal Enfield Electra Twinspark",300-400,22,Royal_Enfield,100000,110000
"Bajaj Pulsar 150",100-200,47,Bajaj,40000,74000
"Bajaj Pulsar 150",100-200,58,Bajaj,21000,74000
"Hero HF Deluxe",100-200,64,Hero,40000,50000
"Honda Activa [2000-2015]",200-300,32,Honda,25000,50267
"Yamaha FZ S [2012-2016]",100-200,62,Yamaha,45000,79432
"Bajaj Avenger Cruise 220",200-300,51,Bajaj,75000,85000
"Honda Dio",100-200,51,Honda,45000,55000
"Honda Activa i [2016-2017]",100-200,48,Honda,35000,53436
"Royal Enfield Bullet 350 [2007-2011]",200-300,35,Royal_Enfield,60000,70000
"Yamaha FZ V 2.0",100-200,63,Yamaha,60000,81508
"Royal Enfield Classic 350",300-400,29,Royal_Enfield,130000,147000
"Honda CB Shine SP",100-200,64,Honda,42000,64750
"Bajaj V15",0-100,73,Bajaj,76000,65626
"Hero CBZ",100-200,47,Hero,40000,50000
"Hero Splendor Plus",100-200,60,Hero,65000,75000
"Bajaj Discover 100 T",100-200,56,Bajaj,20000,47032
"Honda CB Hornet 160R",100-200,52,Honda,75000,92661
"Honda CB Hornet 160R",100-200,48,Honda,70000,92661
"TVS Apache RTR 160 4V",100-200,62,TVS,105000,115000
"Honda CB Shine SP",100-200,59,Honda,50000,62317
"Royal Enfield Classic 350",300-400,36,Royal_Enfield,120000,147000
"Bajaj Pulsar 180",100-200,64,Bajaj,25000,85011
"TVS XL 100",100-200,58,TVS,30000,30490
"Hero Super Splendor",100-200,56,Hero,50000,57000
"Hero Honda CBZ extreme",100-200,60,Hero,25000,78700
"Bajaj Pulsar 180",100-200,48,Bajaj,50000,85011
"Bajaj Discover 150",100-200,54,Bajaj,35000,54299
"Bajaj Pulsar 180",100-200,62,Bajaj,30000,85011
"Honda Shine",100-200,63,Honda,37000,47000
"Honda CB Unicorn 150",100-200,64,Honda,42000,74295
"Royal Enfield Himalayan",300-400,31,Royal_Enfield,119000,129000
"Kawasaki Ninja 650 [2018-2019]",500-1000,11,Kawasaki,300000,589000
"Royal Enfield Classic 350",300-400,27,Royal_Enfield,130000,147000
"Hero Honda Passion Plus",100-200,48,Hero,22000,32000
"Hero Honda Splendor Plus",100-200,62,Hero,15000,25000
"Benelli TNT 25",0-100,65,Benelli,160000,170994
"Royal Enfield Thunderbird 500X",500-1000,22,Royal_Enfield,185000,198605
"Royal Enfield Continental GT [2013 - 2018]",300-400,21,Royal_Enfield,110000,208902
"KTM RC 200",200-300,44,KTM,150000,160000
"Royal Enfield Bullet 350 [2007-2011]",200-300,37,Royal_Enfield,150000,160000
"Bajaj Pulsar 220F",200-300,27,Bajaj,45000,55000
"Bajaj Avenger Street 220",200-300,47,Bajaj,75000,95955
"Honda Activa 125 [2016-2017]",100-200,61,Honda,50000,61545
"Honda Shine",100-200,57,Honda,30000,40000
"Bajaj Discover 150F",100-200,56,Bajaj,30000,64071
"Bajaj Pulsar 150 [2001-2011]",200-300,27,Bajaj,22000,32000
"Hero Karizma ZMR",100-200,64,Hero,75000,108000
"Honda Dream Yuga",100-200,48,Honda,45000,56147
"Hero Glamour 125",100-200,61,Hero,35000,61600
"Honda Activa [2000-2015]",200-300,43,Honda,35000,50267
"Bajaj CT 100",100-200,60,Bajaj,25000,35000
"Honda CB Hornet 160R",100-200,51,Honda,70000,92210
"Hero CD Dawn",100-200,49,Hero,10000,20000
"Royal Enfield Classic Gunmetal Grey",300-400,25,Royal_Enfield,180000,148114
"Bajaj Discover 100",100-200,48,Bajaj,24000,42859
"Honda Shine",100-200,47,Honda,42000,52000
"TVS Max DLX",0-100,75,TVS,26000,36000
"Honda Dio",100-200,49,Honda,60000,70000
"Bajaj Pulsar 180",100-200,60,Bajaj,72000,85011
"Royal Enfield Thunderbird 350",300-400,22,Royal_Enfield,120000,130000
"Royal Enfield Thunderbird 350",300-400,32,Royal_Enfield,59000,69000
"Royal Enfield Classic Chrome",300-400,34,Royal_Enfield,185000,189313
"Royal Enfield Classic Gunmetal Grey",300-400,32,Royal_Enfield,140000,148114
"KTM 390 Duke",300-400,37,KTM,205000,215000
"Hero Pleasure [2005-2015]",200-300,34,Hero,30000,46779
"TVS Victor",0-100,67,TVS,18000,54852
"Bajaj Pulsar 150",100-200,49,Bajaj,35000,74000
"KTM RC 200",200-300,38,KTM,185000,195000
"Kawasaki Ninja 300",300-400,25,Kawasaki,300000,360000
"Honda Dream Yuga",100-200,61,Honda,30000,56147
"Bajaj Pulsar 150",100-200,54,Bajaj,35000,74000
"Bajaj Pulsar 150 [2001-2011]",200-300,36,Bajaj,35000,45000
"Hero Honda Passion Plus",100-200,61,Hero,25000,35000
"Yamaha YZF R15 [2011-2018]",100-200,60,Yamaha,80000,118997
"Hero Honda Splendor Plus",100-200,52,Hero,20000,30000
"Hero Karizma ZMR",100-200,57,Hero,43000,108000
"Hero Honda Splendor Plus",100-200,63,Hero,20000,30000
"Yo Style",0-100,78,YoBykes,20000,37675
"Hero Splendor iSmart",100-200,61,Hero,40000,52271
"Hero Super Splendor",100-200,49,Hero,30000,57000
"Bajaj Discover 100",100-200,57,Bajaj,21000,42859
"Yamaha Fazer [2009-2016]",200-300,41,Yamaha,35000,84751
"Bajaj Discover 125",100-200,53,Bajaj,23000,57549
"Hero Super Splendor",100-200,51,Hero,40000,57000
"Honda Shine",100-200,53,Honda,40000,50000
"Bajaj Discover 125 M",100-200,48,Bajaj,45000,47186
"Bajaj Avenger Street 150 [2018]",100-200,54,Bajaj,60000,80435
"Yamaha Fazer [2009-2016]",200-300,44,Yamaha,40000,84751
"Hero Passion X Pro [2016-2017]",100-200,62,Hero,42000,59095
"Honda Activa [2000-2015]",200-300,46,Honda,18000,50267
"TVS Star City",0-100,75,TVS,15000,46575
"Hero Honda Hunk",100-200,62,Hero,45000,55000
"TVS Star City",0-100,77,TVS,25000,47108
"Bajaj Pulsar 150",100-200,60,Bajaj,70000,74000
"Bajaj Discover 100",100-200,52,Bajaj,23000,42859
"TVS Victor",0-100,78,TVS,10000,54852
"Hero Honda Splendor Plus",100-200,53,Hero,25000,35000
"Honda Aviator",100-200,45,Honda,25000,59183
"Bajaj Pulsar 180",100-200,64,Bajaj,50000,85011
"Bajaj Avenger [2015]",100-200,58,Bajaj,60000,75502
"Hero CD Dawn",100-200,53,Hero,35000,45000
"Hero Maestro",100-200,47,Hero,50000,49412
"Honda CB Shine SP",100-200,53,Honda,50000,64750
"Hero Honda CD Deluxe",100-200,57,Hero,25500,35500
"Hero Honda Hunk",100-200,61,Hero,35000,45000
"Hero Honda CD Deluxe",100-200,52,Hero,20000,30000
"Honda Activa 3G",100-200,50,Honda,40000,54605
"Bajaj Pulsar 135 LS",100-200,51,Bajaj,45000,64589
"Bajaj Pulsar 150 [2001-2011]",200-300,46,Bajaj,30000,40000
"Hero Pleasure",100-200,60,Hero,30000,49600
"Hero Honda CBZ extreme",100-200,64,Hero,30000,78700
"Bajaj Pulsar 150",100-200,53,Bajaj,40000,74000
"Honda CB Twister",100-200,49,Honda,25000,53857
"Honda Livo",100-200,64,Honda,45000,55000
"Bajaj Pulsar AS200",200-300,43,Bajaj,65000,92074
"Honda Activa 3G",100-200,47,Honda,40000,54605
"Hero Honda Hunk",100-200,58,Hero,40000,50000
"Honda CB Hornet 160R",100-200,46,Honda,70000,83340
"Hero HF Deluxe",100-200,50,Hero,35000,45000
"Hero Splendor PRO",100-200,47,Hero,35000,51994
"Bajaj Boxer",0-100,77,Bajaj,15000,25000
"Royal Enfield Electra 5 S",300-400,37,Royal_Enfield,99000,109000
"Royal Enfield Electra 5 S",300-400,28,Royal_Enfield,90000,100000
"Hero Honda Hunk",100-200,61,Hero,20000,30000
"Hero Ignitor",100-200,62,Hero,36000,65599
"Bajaj Discover 100 M",100-200,59,Bajaj,32000,44756
"Honda Activa 3G",100-200,48,Honda,50000,54605
"Bajaj Pulsar 135 LS",100-200,56,Bajaj,50000,64589
"Bajaj Pulsar 220 DTS-i",200-300,48,Bajaj,60000,70000
"Hero Honda CBZ extreme",100-200,52,Hero,40000,78700
"Hero Honda CBZ extreme",100-200,46,Hero,35000,78700
"Royal Enfield Thunder 500",500-1000,17,Royal_Enfield,175000,190000
"UM Renegade Mojave",0-100,68,UM,170000,182000
"KTM RC200",200-300,35,KTM,165000,178000
"Bajaj Dominar 400",300-400,27,Bajaj,145000,160000
"Royal Enfield Classic 350",300-400,32,Royal_Enfield,135000,147000
"KTM RC390",300-400,36,KTM,135000,237000
"Hyosung GT250R",200-300,30,Hyosung,135000,345000
"Royal Enfield Thunder 350",300-400,41,Royal_Enfield,125000,150000
"Royal Enfield Thunder 350",300-400,38,Royal_Enfield,120000,150000
"Royal Enfield Classic 350",300-400,23,Royal_Enfield,120000,147000
"KTM RC200",200-300,43,KTM,120000,178000
"Royal Enfield Thunder 350",300-400,23,Royal_Enfield,115000,150000
"KTM 390 Duke ",300-400,25,KTM,115000,240000
"Mahindra Mojo XT300",300-400,37,Mahindra,115000,140000
"Royal Enfield Classic 350",300-400,24,Royal_Enfield,115000,147000
"Royal Enfield Classic 350",300-400,33,Royal_Enfield,111000,147000
"Royal Enfield Classic 350",300-400,32,Royal_Enfield,110000,147000
"Royal Enfield Thunder 500",500-1000,20,Royal_Enfield,110000,190000
"Royal Enfield Classic 350",300-400,37,Royal_Enfield,110000,147000
"Royal Enfield Thunder 500",500-1000,15,Royal_Enfield,105000,190000
"Bajaj Pulsar RS200",200-300,47,Bajaj,105000,126000
"Royal Enfield Thunder 350",300-400,29,Royal_Enfield,105000,150000
"Royal Enfield Bullet 350",300-400,34,Royal_Enfield,105000,117000
"Royal Enfield Classic 350",300-400,40,Royal_Enfield,100000,147000
"Royal Enfield Classic 500",500-1000,16,Royal_Enfield,95000,175000
"Royal Enfield Classic 500",500-1000,14,Royal_Enfield,90000,175000
"Bajaj Avenger 220",200-300,30,Bajaj,90000,95000
"Bajaj Avenger 150",100-200,49,Bajaj,75000,80000
"Honda CB Hornet 160R",100-200,45,Honda,80000,87000
"Yamaha FZ S V 2.0",100-200,50,Yamaha,78000,84000
"Honda CB Hornet 160R",100-200,54,Honda,75000,87000
"Yamaha FZ 16",100-200,55,Yamaha,75000,82000
"Bajaj Avenger 220",200-300,31,Bajaj,75000,95000
"Bajaj Avenger 220",200-300,42,Bajaj,72000,95000
"TVS Apache RTR 160",100-200,47,TVS,65000,81000
"Bajaj Pulsar 150",100-200,64,Bajaj,65000,74000
"Honda CBR 150",100-200,58,Honda,65000,120000
"Hero Extreme",100-200,51,Hero,65000,78700
"Honda CB Hornet 160R",100-200,55,Honda,60000,87000
"Bajaj Avenger 220 dtsi",200-300,37,Bajaj,60000,95000
"Honda CBR 150",100-200,60,Honda,60000,120000
"Bajaj Avenger 150 street",100-200,50,Bajaj,60000,80000
"Yamaha FZ  v 2.0",100-200,47,Yamaha,60000,84000
"Yamaha FZ  v 2.0",100-200,57,Yamaha,60000,84000
"Bajaj Pulsar  NS 200",200-300,35,Bajaj,60000,99000
"TVS Apache RTR 160",100-200,62,TVS,60000,81000
"Hero Extreme",100-200,56,Hero,55000,78700
"Yamaha FZ S V 2.0",100-200,47,Yamaha,55000,84000
"Bajaj Pulsar 220 F",200-300,37,Bajaj,52000,94000
"Bajaj Pulsar 220 F",200-300,30,Bajaj,51000,94000
"TVS Apache RTR 180",100-200,63,TVS,50000,82600
"Hero Passion X pro",100-200,49,Hero,50000,55000
"Bajaj Pulsar NS 200",200-300,38,Bajaj,50000,99000
"Bajaj Pulsar NS 200",200-300,47,Bajaj,50000,99000
"Yamaha Fazer ",100-200,50,Yamaha,50000,88000
"Honda Activa 4G",100-200,60,Honda,48000,51000
"TVS Sport ",0-100,78,TVS,48000,52000
"Yamaha FZ S V 2.0",100-200,45,Yamaha,48000,84000
"Honda Dream Yuga ",100-200,60,Honda,48000,54000
"Honda Activa 4G",100-200,60,Honda,45000,51000
"Bajaj Avenger Street 220",200-300,47,Bajaj,45000,95000
"TVS Apache RTR 180",100-200,55,TVS,45000,82600
"Bajaj Pulsar NS 200",200-300,39,Bajaj,45000,99000
"Bajaj Avenger 220 dtsi",200-300,30,Bajaj,45000,95000
"Hero Splender iSmart",100-200,50,Hero,45000,54000
"Activa 3g",0-100,74,Activa,45000,54000
"Hero Passion Pro",100-200,63,Hero,45000,55000
"TVS Apache RTR 160",100-200,60,TVS,42000,81000
"Honda CB Trigger",100-200,47,Honda,42000,73000
"Hero Splender iSmart",100-200,52,Hero,40000,54000
"Yamaha FZ S ",100-200,52,Yamaha,40000,83000
"Hero Passion Pro",100-200,60,Hero,40000,55000
"Bajaj Pulsar 135 LS",100-200,60,Bajaj,40000,64000
"Activa 4g",0-100,69,Activa,40000,51000
"Honda CB Unicorn",100-200,57,Honda,38000,72000
"Hero Honda CBZ extreme",100-200,60,Hero,38000,78700
"Honda Karizma",100-200,45,Honda,35000,105000
"Honda Activa 125",100-200,59,Honda,35000,57000
"TVS Jupyter",0-100,75,TVS,35000,52000
"Honda Karizma",100-200,55,Honda,31000,105000
"Hero Honda Passion Pro",100-200,56,Hero,30000,51000
"Hero Splender Plus",100-200,50,Hero,30000,48000
"Honda CB Shine",100-200,58,Honda,30000,58000
"Bajaj Discover 100",100-200,55,Bajaj,27000,47000
"Bajaj Pulsar 150",100-200,55,Bajaj,25000,75000
"Suzuki Access 125",100-200,47,Suzuki,25000,58000
"TVS Wego",0-100,69,TVS,25000,52000
"Honda CB twister",100-200,63,Honda,25000,51000
"Hero Glamour",100-200,51,Hero,25000,57000
"Hero Super Splendor",100-200,61,Hero,20000,57000
"Bajaj Pulsar 150",100-200,47,Bajaj,20000,75000
"Bajaj Discover 125",100-200,48,Bajaj,20000,57000
"Hero Hunk",100-200,57,Hero,20000,75000
"Hero  Ignitor Disc",100-200,54,Hero,20000,65000
"Hero  CBZ Xtreme",100-200,53,Hero,20000,78700
"Bajaj  ct 100",100-200,60,Bajaj,18000,32000
"Activa 3g",0-100,72,Activa,17000,52000
"Honda CB twister",100-200,56,Honda,16000,51000
"Bajaj Discover 125",100-200,54,Bajaj,15000,57000
"Honda CB Shine",100-200,58,Honda,12000,58000
"Bajaj Pulsar 150",100-200,63,Bajaj,10000,75000
